{"cameraMode":{"drawMode":0,"name":"Shaded","section":"Shading Mode"},"sceneLighting":false,"audioPlay":false,"sceneViewState":{"m_AlwaysRefresh":false,"showFog":true,"showSkybox":false,"showFlares":true,"showImageEffects":true,"showParticleSystems":true,"showVisualEffectGraphs":true,"m_FxEnabled":true},"in2DMode":false,"pivot":{"x":0.1506357192993164,"y":1.1345982551574708,"z":-0.7447081804275513},"rotation":{"x":-0.0006073204567655921,"y":0.9943087100982666,"z":-0.10660718381404877,"w":-0.0056683667935431},"size":1.2792173624038697,"orthographic":false}