{"cameraMode":{"drawMode":0,"name":"Shaded","section":"Shading Mode"},"sceneLighting":true,"audioPlay":false,"sceneViewState":{"m_AlwaysRefresh":false,"showFog":true,"showSkybox":true,"showFlares":true,"showImageEffects":true,"showParticleSystems":true,"showVisualEffectGraphs":true,"m_FxEnabled":true},"in2DMode":false,"pivot":{"x":-2.537567138671875,"y":1.7563388347625733,"z":-12.121343612670899},"rotation":{"x":0.27116337418556216,"y":-0.29966092109680178,"z":0.08925966173410416,"w":0.9103463888168335},"size":7.290665149688721,"orthographic":false}